post_id|like_count|comment_count|post_description|username|follower_count|post_date
"3247472340898021032"|1900|14|"I see, I buy it.ğŸ¤\n@hm  knitted set - pullover S, pants M\n@piecesofficial jacket M size\n@hm STUDIO scaf\n@zara boots"|"grebenisancarmen"|691934|1701348910
"3247012161022596826"|1666|14|"We call it â€œbÃ¢rfeâ€ in romanian.ğŸ¥¹ğŸ™ŠğŸ˜‚\nPS: nu uitati de concursul cu cei de la @nordik_cabin care tine pana in 1 decembrie.ğŸ¤"|"grebenisancarmen"|691934|1701294183
"3246621589263013232"|"1414"|27|"How to style a leather jacket when itâ€™s cold outside.â„ï¸\nâ€”\nÃn primul rÃ¢nd, dacÄƒ iarna nu ai o jachetÄƒ de piele ecologica oversized, atunci riÈ™ti sÄƒ Ã®nduri puÈ›in frig. Eu m-am asigurat cÄƒ mi-am luat una XL ca sÄƒ Ã®ncapÄƒ sub ea toate hanoracele È™i sa pot suprapune diverse pulovere si camasi. ğŸ’«\n\nLeggings @cosstores\nTop @oysho\nBoots @legerbylenagerke\nKnit flannel shirt @goosecraft\nEco leather jacket @mango\nBeanie @infsd.thebrand\nSunglasses @dior\nBag @chanel"|"grebenisancarmen"|691934|1701247491
"3245884952484566080"|1931|29|"Teddy sets are my favs this season.ğŸğŸ§¸\n\nTeddy set @infsd.thebrand \nShoes @ugg"|"grebenisancarmen"|691934|1701159677
3245155721815515538|818|12|"Styling ZARA MEN  versatile/unisex outfits. ğŸ–¤\n-\nCÃ¢teodatÄƒ gÄƒseÈ™ti chestii foarte faine È™i la sectiunea â€œMENâ€ si Ã®mi place foarte mult ca au croi masculin, drept, nu cambrat, pe care Ã®l cÄƒutam pentru multe din piesele dorite, mai ales la sacouri.ğŸ¤"|"grebenisancarmen"|691934|1701072747
"3243258903187852328"|1732|24|"Am descoperit acest mesaj Ã®n seara asta È™i mi s-a pÄƒrut extraordinar de relevant pentru viata mea si m-am gandit sa il includ in clip. Mi se pare greu de gasit echilibrul in viata È™i de multe ori pozitivitatea astea agresivÄƒ si toxica pe care o gasim in online poate fi nocivÄƒ. Echilibrul e mereu undeva la mijloc."|"grebenisancarmen"|691934|1700846703
"3242582939801950377"|24213|13879|"Travel Giveawayâ›°ï¸\nDaca tot se apropie 1 decembrie am zis sa venim cu mic cadou pentru cei care iubesc Romania!ğŸ¤\nCabana de lemn A Frame @nordik_cabin va ofera cadou o mini vacanta ce include 2 nopti de cazare + mic dejun, pranz si cina pentru 2 persoane, in acest loc superb, situat la poalele muntilor Apuseni. Premiul se poate rezerva de la 1 decembrie 2023 si pana in 1 mai 2024, in timpul saptamanii.\n Cum va inscrieti? Adaugati un comentariu in care etichetati 2 prieteni si asigurati-va ca urmariti paginile noastre, @grebenisancarmen si @nordik_cabin . Like, share si save la aceasta postare ca sa puteti verifica mai tarziu daca ati castigat. ğŸ«¶ğŸ» \nVarsta minima de inscriere este 18 ani. Concursul incepe astazi, 23.11.2023 si se incheie in data de 30.11.2023, ora 23:59. Castigatorul e extras pe data de 1 decembrie va fi  erichetat in scris(in descriere) la aceasta postare si prin share si tag pe story  la conturile noastre. VÄƒ doresc mult succes.\nIa sa vedem cine iubeste muntele la fel de mult ca noi!ğŸ˜ğŸ¤ğŸªµâ›°ï¸"|"grebenisancarmen"|691934|1700766030
"3242569846896023754"|15822|38|"Ma topesc aici.ğŸ¥¹ Ei sunt protectorii cabanei.ğŸ«¶ğŸ» \nCine e aici la 21:00 pentru giveaway-ul cu @nordik_cabin ?ğŸ˜"|"grebenisancarmen"|691934|1700764469
"3242465805281202992"|1976|14|"A place that feels like Sunday.â˜•ï¸ğŸ¤ @nordik_cabin"|"grebenisancarmen"|691934|1700752137
"3240847155629602335"|4573|54|"Am cedat si i-am luat, #MustardSeed se numeste nuanta. ğŸ¤ \nI-am gasit pe @hypeboost la 238â‚¬, cam cea mai ieftina varianta a lor dupa o lunga cautare. Am luat marimea 38 dar mi-ar fi placut sa pot lua cu jumatate de nr. mai mare.ğŸ˜¸\n#UggTazzSlipper \nVa plac?"|"grebenisancarmen"|691934|1700559149
"3240428932014704726"|"8189"|66|"Cand vine Stefi prima data la tine, dupa Survivor.ğŸ˜ğŸ¤"|"grebenisancarmen"|691934|1700509324
3238260482349659807|2179|18|"Tu cum Ã®È›i protejezi ochii Ã®mpotriva luminii albastre? Mie mi-au venit cÃ¢teva idei amuzante, dar totodatÄƒ absurde de a ma proteja de acest factor.\nHonor 90 are o tehnologie care Ã®È›i protejeazÄƒ ochii de lumina albastrÄƒ a ecranului. Deci, poÈ›i sÄƒ ai HONOR 90 È™i sÄƒ stai liniÈ™tit sau sÄƒ apelezi la alte trucuri tot pentru a-È›i proteja ochii.\n#HONORShareYourVibe #ad"|"grebenisancarmen"|691934|1700250888
"3238009771695181271"|1567|13|"Finally autumn outfits.ğŸ¤\nTrench @rhizome.ro \nTurtleneck @stradivarius\nTop @legerbylenagerke\nSunglasses @tomford\nTrousers @veromoda \nSneakers @newbalance\nBag @tommyjeans"|"grebenisancarmen"|691934|1700222964
"3236825840765620468"|2047|19|"DacÄƒ aÈ›i folosit Balsamul reparator Cicaplast Baume B5+, o sÄƒ vÄƒ Ã®ndrÄƒgostiÈ›i de noile produse de la ei. E vorba de Serumul ultra-reparator Cicaplast B5 si Spray-ul concentrat reparator Cicaplast B5. Serumul este cel mai eficient produs din gama, are o texturÄƒ lÄƒptoasÄƒ care intrÄƒ foarte repede Ã®n piele È™i calmeazÄƒ iritaÈ›iile, roÈ™eaÈ›a, hidratÃ¢nd Ã®n profunzime, fÄƒrÄƒ sÄƒ lase pielea grasÄƒ. E recomandat pentru repararea zilnicÄƒ a tenului sensibil, tern, fragilizat È™i merge foarte bine chiar È™i dupÄƒ tratamentele faciale de exfoliere. Spray-ul are proprietÄƒÈ›i similare balsamului, dar partea fainÄƒ la el e faptul cÄƒ nu mai trebuie sÄƒ atingi sau masezi zona afectatÄƒ, care de multe ori poate fi dureroasÄƒ sau iritatÄƒ. Doar Ã®l aplici de la distanÈ›Äƒ È™i calmeazÄƒ pielea instant. ğŸ’™ Nu È™tiu despre voi, dar mie mi se pare cÄƒ produsele astea sunt indispensabile din dulapul de skincare.\n\n#CicaplastB5 #PaidProjectByLaRochePosay @larocheposay"|"grebenisancarmen"|691934|1700080293
"3234736256271256144"|3464|23|"Itâ€™s a nice life. @alexmilitaru \nHappy birthday, my scorpio.ğŸ¤"|"grebenisancarmen"|691934|1699830721
"3234651123442832970"|7476|19|"Embrace Holostic Healing spa e un spatiu multisenzorial, asezat chiar in inima Resortului @casatimis . Am avut parte de 90 de minute cu cel mai bun masaj facut vreodata(de mine) si anume â€œdeep tissueâ€, masaj  in profunzime, de intensitate medie spre ridicata, potrivit celor care au nevoie imediat de revitalizare si eliminarea tensiunilor. Aici sunt disponibile si tratamente faciale si corporale si tehnici de medicina integrativa realizate de specialisti: ozonoterapie, terapie florala bach, access bars, biorezonanta asyra, terapie cranio-sacrala, chiropractica viscerala, terapie vacuum, gua sha corporal si yumeiho.ğŸ¤"|"grebenisancarmen"|691934|1699820484
"3234632682204035089"|3810|15|"Sauna with a view @casatimis ğŸ¤"|"grebenisancarmen"|691934|1699818362
"3234626747137820472"|9950|25|"Weekend getaway at @casatimis ğŸ¤"|"grebenisancarmen"|691934|1699817578
"3234403601029826353"|1985|33|"@casatimis , un loc de poveste rar intalnit. E un resort de 5*, un spaÈ›iu Ã®n care calitatea fuzioneaza cu pasiunea. ğŸ¤\nLocaÈ›ia se aflÄƒ doar la o ora de BucureÈ™ti, in judetul Prahova.ğŸ˜ \nPS: mÃ¢ncarea este incredibil de bunÄƒ, atat la restaurantul Rotonda(asian fusion), cat si la Veranda dintre Vii(meditaranean).ğŸ«–"|"grebenisancarmen"|691934|1699791240
"3233294046880622549"|16022|29|"Am avut multe discutii din priviri.\nSuntem la @casatimis in weekendul acesta si azi am participat la deschiderea noului restaurant de aici, o locatie ce abordeaza gastronomia asian fusion, restaurantul Rotonda. A fost un show superb, cu muzica live si momente artistice traditionale asiatice, iar mancarea e la alt nivel, o explozie de gusturi. M-am asteptat sa fie gustos, dar a fost peste asteptari. Mai trebuie sa va zic despre @casatimis ca e unul din cele mai faine resorturi de 5* din Romania?Probabil multi dintre voi stiti deja despre aceast resort. A aparut si pe Netflix, in â€œFlavours of Romaniaâ€, noi suntem fanii acestui documentar. \nPS: A fost prezent si Charlie Ottley, prezentatorul documentarului.ğŸ¤\nAbia astept sa ajungem maine la spa, momentan admiram luminile orasului, la ceas de seara. Se vede foarte frumos de aici.ğŸŒŒ"|"grebenisancarmen"|691934|1699658707
"3232927431440546411"|3446|38|"Mi-am fÄƒcut planul de tinute sport pe zile, pentru sÄƒptÄƒmÃ¢na urmÄƒtoare, acum mai trebuie doar sa ma prezint la sala.ğŸ˜ Am avut o lunÄƒ de pauzÄƒ È™i nu Ã®mi prea place treaba asta, dar accept fluctuaÈ›iile. Ca sÄƒ fie treaba treabÄƒ de Black Friday, pentru ziua vineri am Ã®ncheiat cu o È›inutÄƒ all black. Pentru cÄƒ este Black Friday si pe Gym Glamour, toatÄƒ gama de produse este redusÄƒ cu 30%.ğŸ¤ Nu uitaÈ›i sÄƒ folosiÈ›i codul CARMEN30 la finalizarea comenzii ca sÄƒ beneficiati de aceastÄƒ promoÈ›ie. Codul de reducere e valabil pÃ¢nÄƒ Ã®n data de 14 noiembrie, Ã®nsÄƒ motivaÈ›ia mea sper sÄƒ persiste mai mult.ğŸ˜‚ğŸ«¶ğŸ»"|"grebenisancarmen"|691934|1699615218
"3230997664306985164"|999|9|"Get ready with me in 90 sec with HONOR90.ğŸ¤\n Vreau sÄƒ vÄƒ spun ca HONOR90 are cÃ¢teva features foarte faine care mi se pare cÄƒ ajutÄƒ creatorii de conÈ›inut si le face munca mai uÈ™oarÄƒ, atunci cand filmeazÄƒ vloguri. Practic, are cÃ¢teva caracteristici incadrate Ã®ntr-o funcÈ›ie care se numeÈ™te AI Vlog Assistant. AI Recomandation System e unul din ele, care Ã®È›i oferÄƒ sugestii de filmare Ã®n funcÈ›ie de condiÈ›iile Ã®n care te afli. DacÄƒ te afli Ã®ntr-un loc foarte zgomotos Ã®n timp ce filmezi, te poÈ›i folosi de funcÈ›ia AI Noise Reduction care, Ã®n momentul Ã®n care o selectezi face ca sunetele din jur sÄƒ se estompeze iar vocea ta sÄƒ fie in focus. È˜i ultimul care mi se pare cel mai fain pentru faptul cÄƒ Ã®l poate folosi oricine(chiar si mama) este vorba de AI Instant Movie care, Ã®n cazul Ã®n care tu nu È™tii sÄƒ editezi, face totul pentru tine. Trebuie doar sÄƒ selectezi clipurile È™i acest feature Ã®È›i oferÄƒ È™abloane de edit + muzica. Ainâ€™t that cool?\nVoi ce feature preferati atunci cand filmati?\n#Honor90 #HONORShareYourVibe #ad"|"grebenisancarmen"|691934|1699385351
"3230283239170138225"|6013|42|"Ador È›inutele all black È™i dacÄƒ tot e Black Friday trebuie sÄƒ vÄƒ spun cÄƒ sunt cele mai multe reduceri din an pe @fashiondays , cu discounturi de pana 80%. Campania este available pÃ¢nÄƒ Ã®n 12 noiembrie, dar eu zic sÄƒ vÄƒ luaÈ›i repede produsele favorite pentru cÄƒ stocurile se epuizeazÄƒ rapid. Aici am vrut sÄƒ vÄƒd un exemplu cu niÈ™te piese basic, care dacÄƒ sunt combinate Ã®mpreunÄƒ  si au proporÈ›iile potrivite, pot obtine un efect cool. Am lÄƒsat link-uri pentru fiecare produs in parte, pe stories. Happy shopping.ğŸ–¤\n#ad"|"grebenisancarmen"|691934|1699299835
"3229541731924062694"|11201ga|86|"Todayâ€™s menu.ğŸ¤"|"grebenisancarmen"|691934|1699211460
"3244742748674600261"|3369398|10|"Trio"|"selenagomez"|429686292|1701023499
"3210511391173324619"|2320632|197512|"Today is World Mental Health Day (!!!) starting right now @sephora is donating 100% of @rarebeauty sales to the Rare Impact Fund for 24 hours only. â€‹\n\n#MakeARareImpact today by shopping Rare Beauty only at Sephora. It would mean the world to me to have you join us in expanding access to mental health resources and support for young people around the world."|"selenagomez"|429686292|1696942800
"3207642545269759846"|5096997|29104|"My heart is full after this weeks inaugural Rare Impact Fund Benefit. This has always been a dream of mine and Iâ€™m forever grateful to everyone who has joined us on this mission to expand mental health services and education for young people around the world. I am encouraged by the amount of love and support in the room. The future is bright, this is only the beginning. Love you all so much!\n\nğŸ“·: @gettyimages @stefaniekeenan @monicaschipper"|"selenagomez"|429686292|1696600810
"3206072347504123546"|3636035|29531|"This World Mental Health Day, October 10th, @sephora will be donating 100% of @rarebeauty sales to the Rare Impact Fund for 24 hours!\nI started The Rare Impact Fund as part of our commitment to providing mental health resources and support to young people around the world. Since 2020, the Rare Impact Fund has expanded globally and provided resources to 25 grantees.\nPlease join me on October 10th by shopping Rare Beauty at Sephora, online or in-store. Together, we can #MakeARarelmpact ğŸ«¶ğŸ»"|"selenagomez"|429686292|1696413683
"3205505857331400919"|4417257|15764|"After 3 years. We were able to make our home cozy! @rarebeauty"|"selenagomez"|429686292|1696346097
3205502782152347529|2513804|11168|"This is such a surreal moment to see @rarebeauty on @fastcompanyâ€™s list of Brands That Matter. Thank you to everyone whoâ€™s been on this journey with us and helping us shift the narrative around beauty, self-acceptance, and mental health. It means so much to me."|"selenagomez"|429686292|1696345731
"3202884023202717129"|6915215|23681|"Paris was fun"|"selenagomez"|429686292|1696033550
"3197615251720133858"|5392262|32641|"Instagram vs reality"|"selenagomez"|429686292|1695406145
"3195297711587308890"|7614695|54187|""|"selenagomez"|429686292|1695129191
"3193380995676403029"|17409604|92372|"Thas my best frien -she a real bad"|"selenagomez"|429686292|1694900701
"3191813787074492534"|4745271|17344|"A red lip is an instant confidence boost for me, and I wanted to share that empowering feeling with you. â¤ï¸ Thatâ€™s why I created the limited edition @rarebeauty Kind Words Matte Lipstick in Devoted, a true red thatâ€™s flattering on all skin tones.â€‹\nâ€‹\n100% of sales will go to the Rare Impact Fund to increase access to mental health services and education for young people around the world. Available exclusively at RareBeauty.com"|"selenagomez"|429686292|1694713875
3190642162038890578|15020232|86865|"Thank you SO much for voting! We are so grateful! \n@gettyentertainment and @vmas"|"selenagomez"|429686292|1694574207
"3186684438116092882"|5843366|18958|"You guys, I know you love being cozy just as much as I do and Iâ€™m really excited to share my new limited-edition @rarebeauty Comfy Sweatsuit. Youâ€™re going to want to live in it. Shop it only at RareBeauty.com"|"selenagomez"|429686292|1694102409
"3182336300342229376"|3125881|11213|"@rarebeauty turns 3 this month (!!!) thank you for being on this journey with us. Together, weâ€™ve been able to create meaningful conversations around beauty, self-acceptance, and mental health. â€‹\n\nI still pinch myself every day when I see our products @sephora \n\nIâ€™m forever grateful for the way youâ€™ve all shown up, shared your stories, and been vulnerable with one another. Because of you, weâ€™ve built a safe space where everyone feels seen and celebrated. Love you guys! â€‹"|"selenagomez"|429686292|1693584071
"3181882130905427855"|8653882|9615|"My chosen sister got to celebrate becoming mrs. Aaron Carpenter @connarfranklin @aaroncarpenter also thank you for having \n@rarebeauty : @josevilla"|"selenagomez"|429686292|1693529930
"3180439682781991904"|4002382|16242|""|"selenagomez"|429686292|1693357976
"3177532942975425156"|4455746|19919|"Thank you guys for all the love on Single Soon!!! Itâ€™s a playful anthem about being comfortable in your own skin and loving your own companyâ€¦ and itâ€™s also really fun to dance to! ğŸ’"|"selenagomez"|429686292|1693011466
"3176900213066223730"|5346102|47672|"Single Soon is out everywhere! ğŸ’–"|"selenagomez"|429686292|1692936000
"3176628918536930250"|3253675|28695|"Iâ€™ll be single soonâ€¦ song and video are out at 9 pm PT! ğŸ’—"|"selenagomez"|429686292|1692903770
"3175306976055915749"|7542006|48458|"Single Soon this Friday!"|"selenagomez"|429686292|1692746335
"3173977161034751074"|5808849|21921|"Sister from another mister @karolg"|"selenagomez"|429686292|1692587584
"3171435971584370444"|7354221|61612|"Yâ€™all have been asking for new music for a while. Since Iâ€™m not quite done with SG3,  I wanted to put out a fun little song I wrote a while back thatâ€™s perfect for the end of summer. SINGLE SOON. August 25th. Presave it now. ğŸ˜˜"|"selenagomez"|429686292|1692284650
"3170040241549929571"|4223649|19281|"You know how much I love a laminated brow and Iâ€™m excited to finally share that my new @rarebeauty Brow Harmony Flexible Lifting Gel is here.â€‹\nâ€‹\nItâ€™s my staple for that natural, fluffy, lifted brow â€“ it holds all day without being stiff, sticky, or crunchy. You can shop it now only at RareBeauty.com"|"selenagomez"|429686292|1692118266
"3168005368522161703"|10025370|46820|""|"selenagomez"|429686292|1691875691
"3247620686694697645"|323126|1382|"introducing PRECISION POUT ğŸ‘„ our new ulta-precise wooden lip liners are designed to sculpt, define and contour lips, for perfect lip lines and a fuller-looking pout. 10 shades launch december 6 @kyliecosmetics"|"kyliejenner"|398959125|1701366576
"3247494679694742627"|1572764|3144|"@interviewmag bts ğŸ¤"|"kyliejenner"|398959125|1701351555
"3245618717496693656"|1194682|5049|"@interviewmag ğŸ¤"|"kyliejenner"|398959125|1701127923
"3245451371023358346"|3341361|6989|"@interviewmag ğŸ¦¢ğŸŒ¹"|"kyliejenner"|398959125|1701107973
"3245435655125507326"|2616294|5681|"yummy @interviewmag ğŸŒ¹"|"kyliejenner"|398959125|1701106100
"3245331176155211241"|666865|2653|"@kyliejenner @interviewmag Winter 2023 issue ğŸ¤ link in bio \n\nInterviewed by\n#JenniferLawrence\nPhotography @xiangyu_liu \nStyling @melzy917\nHair @jesushair\nMakeup @makeupbyariel\nNails @nailsbyzola\nSet Design @patienceharding\nTailor @lynnlea\nProduction @themorrisongroup\nSpecial Thanks to @arrow_studio_rentals & @lermitagebh"|"interviewmag"|1266574|1701093645
"3242656667833824638"|6653706|14548|"my everything"|"kyliejenner"|398959125|1700774819
"3241879398969542842"|2890842|7184|"@kyliecosmetics BLACK FRIDAY SALE STARTS NOW ğŸ–¤ 40% off sitewide. kyliecosmetics.com"|"kyliejenner"|398959125|1700682161
"3240498628708192706"|2351466|6575|"nights with @drinkglow #glowpartner"|"kyliejenner"|398959125|1700517561
"3239261623054693662"|3290493|11708|"quick everyday makeup using @kyliecosmetics \nğŸ¤ power plush longwear concealer shade 4.5WN & 9W \nğŸ¤ concealer brush \nğŸ¤ â€˜Way To Glowâ€™ glow balm \nğŸ¤ â€˜Love That 4 Uâ€™ tinted butter balm"|"kyliejenner"|398959125|1700370159
"3238927709344605792"|4054114|9394|"@alo ğŸ«¶ğŸ»"|"kyliejenner"|398959125|1700330292
"3236724345965901468"|1421990|7719|"KHY DROP 002 available now on KHY.COM ! ğŸ¤ @khy puffers + base layers"|"kyliejenner"|398959125|1700067631
"3236007003592033168"|987684|2284|"5 brand new lip and cheek glow balm shades just dropped at kyliecosmetics.com ğŸ’• one of my favorite @kyliecosmetics products ever. I cant wait for you guys to try these! ğŸ˜Š"|"kyliejenner"|398959125|1699982117
"3235354266061529372"|3468712|5124|"ğŸ¶ + ğŸŒ…"|"kyliejenner"|398959125|1699904305
"3233797106626365005"|1014737|8350|"the @khy catsuit. drop 002 coming 11/15. preview the collection now on khy.com"|"kyliejenner"|398959125|1699718698
"3233277427723321006"|3650257|9413|"the @khy catsuit. drop 002 in collaboration with @entire_studios coming 11/15. preview the entire collection now on khy.com and sign up for early access."|"kyliejenner"|398959125|1699656726
"3231787956218530460"|1905876|9407|"khy drop 002. puffers + base layers coming 11/15 in stone, black, and cobalt blue. @khy"|"kyliejenner"|398959125|1699479292
"3231656937659873393"|2178632|15386|"drop 002 is here! new puffers + base layers coming to @khy on november 15th khy.com"|"kyliejenner"|398959125|1699463549
"3231086437759524369"|2007089|22610|"KHY DROP 002. puffers + base layers coming 11/15 @khy"|"kyliejenner"|398959125|1699395540
"3230260213533539803"|2389407|6161|"mornings in @alo"|"kyliejenner"|398959125|1699297046
"3227532841535895167"|1681916|7251|"last night at the 2023 @wsjmag innovator awards for @khy. what an honor thank you. ğŸ«¶ğŸ»"|"kyliejenner"|398959125|1698971918
"3226952128383926484"|3074184|5305|"what a night. thank you @wsjmag for the award and honor tonight of being this years brand innovator and for recognizing @khy ğŸ«¶ğŸ»ğŸ«¶ğŸ»"|"kyliejenner"|398959125|1698902692
"3226447797603789674"|2362468|4779|"@khy first drop now available on khy.com !!!!!!!!!!!"|"kyliejenner"|398959125|1698842571
"3225414821028438667"|4975881|8560|"sugar & spice"|"kyliejenner"|398959125|1698719431
"3238224766200060777"|4319250|83|"â™¡ ğŸ«€"|"arianagrande"|380785988|1700246495
"3235210204622274053"|1615081|22|"@r.e.m.beauty â™¡ 2ï¸âƒ£â™¾ï¸"|"arianagrande"|380785988|1699887131
"3234553924300401835"|1390024|8752|"Â°â—ŒÌŠ à¹Â°Â·à¹ to my dearest flight crew, \nhappy second anniversary!\nthank you so much for making the past two years of r.e.m. beauty as special as they have been. weâ€™re so proud of these products and our journey and it wouldnâ€™t be possible without your unfaltering love and support! \nweâ€™re so grateful to you all and i am so grateful for my brilliant r.e.m. beauty family. hereâ€™s to many more years ! we are just getting started\nlove always,\nari Â°â—ŒÌŠ à¹Â°Â·à¹"|"r.e.m.beauty"|1985029|1699808897
"3232481573605135601"|4436496|48|""|"arianagrande"|380785988|1699561853
"3227210222258567999"|3163482|23|""|"arianagrande"|380785988|1698933459
"3225340294848371618"|3402172|63|"different places !!!!!"|"arianagrande"|380785988|1698710546
"3225339098323118100"|3407189|11827|"You are a whore, Darlinâ€™!"|"lizgillz"|14019525|1698710404
"3220050848083645831"|4192778|60|"ag7: goat mother"|"arianagrande"|380785988|1698079995
"3207703594094171024"|3866098|54|"some from then, \nsome from now \nâ™¡"|"arianagrande"|380785988|1696608088
"3205612628248258910"|1457358|34|"introducing #holiglitch â™¡ ğŸ«§ğŸ§ŠğŸ¤three limited edition kits and @r.e.m.beautyâ€™s first holiday collection is available now exclusively on rembeauty.com ! i canâ€™t wait to see what you create with some of these new shades and icy favorites"|"arianagrande"|380785988|1696359127
"3204706916298865962"|3720776|34|""|"arianagrande"|380785988|1696250856
"3191700958366890309"|1787523|19|"ğŸ§šğŸ¼â€â™‚ï¸ğŸ§šğŸ¼â€â™‚ï¸ğŸ§šğŸ¼â€â™‚ï¸ our Sweetener Foundations are available in 60 shades now on @r.e.m.beauty & at @ultabeauty â™¡"|"arianagrande"|380785988|1694700538
"3187280608476400494"|920373|35|"thank you @cosmopolitan readers for voting for @r.e.m.beauty ! we are so grateful (and we feel like weâ€™re just getting started) \nğŸ¥²â™¡"|"arianagrande"|380785988|1694173478
"3185935232318249497"|3348372|49|""|"arianagrande"|380785988|1694013097
"3183070541837448864"|3256002|38|""|"arianagrande"|380785988|1693671599
"3180887399867806160"|2342010|31|"#10YearsOfYoursTruly â™¡ \nthank you for everything \nalways"|"arianagrande"|380785988|1693411396
"3176900938571092265"|2113464|73|"happy ten year anniversary to a project that changed my life. thank you from the bottom of my heart for listening and for growing with me every step of the way. \nlove you always. :)\n\nYours Truly Deluxe, Honeymoon Avenue and Daydreamin Live performances are out now â™¡ \n\n10 year anniversary celebration program goes as follows!ï¿½\nfriday: digital deluxe release, honeymoon avenue, daydreamin live performances\n\nsaturday: Q&A part 1, merch capsule\n\nsunday: baby i live performance \n\nmonday: Q&A part 2, vinyl preorder \n\ntuesday: tattooed heart live performance, right there live performance \n\nwednesday: the way live performance, some behind the scenes stuff we found \n\ni hope you enjoy! ï¿½yours truly, \nariana"|"arianagrande"|380785988|1692936182
"3176477829297547607"|3075180|37|"at last ! our Sweetener foundation has finally landed at rembeauty.com in 60 shades with our ultra hydrating formula made with niacinamide, raspberry leaf extract, hyaluronic acid and vitamin e. vegan + cruelty free foundation thatâ€™s actually skincare â™¡ \n\nas a hybrid, it has a weightless feel and is longwearing with soft-matte, buildable coverage that leaves skin looking healthier and more radiant!\n\nalso coming soon toâ€¦. \n8.27 - @ultabeauty\n8.28 - @sephora eu and @theofficialselfridges"|"arianagrande"|380785988|1692885687
"3172870917716096076"|2039309|72|""|"arianagrande"|380785988|1692455751
"3171554233289862015"|511335|8378|"â€¦â€soonâ€ â™¡"|"r.e.m.beauty"|1985029|1692298831
"3171419205349717861"|3009677|33|"five â™¡"|"arianagrande"|380785988|1692282652
"3168483841173665005"|1889287|28|"Cloud Pink â™¡ now at @ultabeauty \nby @zoeygrossman"|"arianagrande"|380785988|"1691932768"
"3168467712430627711"|"3624022"|"29"|"Cloud Pink available now @ultabeauty"|"arianagrande"|380785988|"1691930806"
"3164969583915917445"|4753985|84|"almost ten â€¦â€¦. â™¡"|"arianagrande"|380785988|1691513797
"3146131554911212063"|10517|195|"How to dance bachatağŸ’ƒğŸ»\n\nâ¤ï¸ Choose your partner\nâ¤ï¸ Free your sensuality\nâ¤ï¸ Start dancing"|"lidiabuble"|1431173|1689268184
"3141500550330378037"|6911|120|"Robandote un besoğŸ’‹"|"lidiabuble"|1431173|1688716159
"3140686285281404370"|5415|141|"Dragilooor, mult asteptata piesa s-a lansat si este, intru totul, din suflet si cu suflet, pentru voi!â¤ï¸ğŸ«µğŸ»ğŸ’ƒğŸ»ROBANDOTE UN BESOğŸ’‹este bachata la care am vibrat, efectiv, atunci cand am auzit primele acorduri din studioul minunatului producator international, Dabruk.â¤ï¸Si cum mereu imi spun ca nimic nu este intamplator, colaborarea cu Lenier, castigator al multor premii Grammy, a venit natural, muzica fiind cea care ne-a facut sa ne intalnim si sa aducem un vibe latino cum nici nu v-ati fi asteptat.ğŸ’ƒğŸ»â¤ï¸Sunt extrem de bucuroasa ca, dupa multe luni de munca si pasiune depuse, va pot oferi cea mai CALIENTE piesa din aceasta vara.ğŸ’ƒğŸ»ğŸ¥µâ¤ï¸\nGracias, @lenieroficial ğŸ™â¤ï¸\nGracias, @br1dabruk ğŸ™â¤ï¸ğŸ«µğŸ»\nGracias a todos en mi equipo!ğŸ™â¤ï¸\nGracias a Dios!ğŸ™ğŸ¤ğŸ˜©\n#robandoteunbeso #linkinbio"|"lidiabuble"|1431173|1688619479
"3245194455088762708"|2398|37|"Thank you @elleromania for nominating me for â€œBEST FEMALE ARTISTâ€â¤ï¸"|"lidiabuble"|1431173|1701077347
"3242646591854715856"|2211|25|"Fiecare copil vulnerabil are nevoie de CINEVA mai mult decat CEVAğŸ™â¤ï¸\nRazvan, esti o minune de copil si imi doresc ca Dumnezeu sa-ti calauzeasca pasii exact acolo unde MERITI!ğŸ«µğŸ»ğŸ¥°\n#CineNuCe\n@hopeandhomesromania"|"lidiabuble"|1431173|1700773618
"3241121883086695304"|11201|51|"I LOVE PRAGUE!â¤ï¸"|"lidiabuble"|1431173|1700591858
"3240384759207081305"|2125|27|"flash flashğŸ“¸"|"lidiabuble"|1431173|1700503986
"3238191669633423754"|4887|46|"Sweet NğŸvember"|"lidiabuble"|1431173|'1700242550'
"3233139501691987789"|3672|53|"Es viernes y el cuerpo lo sabeğŸ•·ï¸"|"lidiabuble"|1431173|'1699640284'
"3230199986027458495"|4466|50|"FOXYğŸ‘©ğŸ¼â€ğŸ¦°ğŸ¦ŠğŸ§¡ğŸ’‹"|"lidiabuble"|1431173|1699289867
"3226597190367515539"|6848|49|"Turista en La Riojaâ¤ï¸ğŸ·"|"lidiabuble"|1431173|1698860380
"3223434944292446369"|6197|98|"Te olvidaste de taparte la carita, la mirada no mienteğŸ‘ï¸"|"lidiabuble"|1431173|1698483411
"3222200554065239840"|9219|74|"Cred ca am mostenit ceva de la mamiâ€¦sa ma pozez pe langa planteğŸŒµğŸ˜‚ğŸ‘©ğŸ¼â€ğŸ¦°\nSa fie oare si de la varsta?ğŸ¤”"|"lidiabuble"|1431173|1698336260
"3217111617136537607"|5481|53|"Choose your favğŸ«µğŸ»â¤ï¸â€ğŸ”¥"|"lidiabuble"|1431173|1697729612
"3212481536819493734"|2394|36|"ROMANTA CU PARFUMâ¤ï¸\nSper sa va trezeasca multe amintiri frumoaseğŸ¤—ğŸ¥°\nO toamna parfumata cu multa iubire va dorescğŸ’‹"|"lidiabuble"|1431173|1697177856
"3212079189911949353"|1969|42|"VA SUNA CUNOSCUT?â¤ï¸ğŸ«£\n#romantacuparfum"|"lidiabuble"|1431173|1697129891
"3211097937876844007"|12187|93|"ğŸ¹ğŸï¸â˜€ï¸ğŸ˜Š"|"lidiabuble"|1431173|1697012725
"3209887890291073972"||115|"Shine bright like a ğŸ’ğŸ‘©ğŸ¼â€ğŸ¦°"|"lidiabuble"|1431173|1696868476
"3208880843386956352"|6314|93|"New character unlockedğŸ‘©ğŸ¼â€ğŸ¦°"|"lidiabuble"|1431173|1696748579
"3206707918877533285"|11116|106|"Cand e EL mereu langa tineâ¤ï¸\nTag your favorite personğŸ‘©â€â¤ï¸â€ğŸ’‹â€ğŸ‘¨ğŸ«µğŸ»"|"lidiabuble"|1431173|1696489631
"3203364306752284199"|3528|47|"Somethingâ€™s cookingğŸ¦ŠğŸ”¥ğŸª"|"lidiabuble"|1431173|1696090804
"3201647779946600746"|15233|203|"a new erağŸ¦Š"|"lidiabuble"|1431173|1695886256
"3199534573459397729"||56|"GET READY WITH MEğŸ«µğŸ»â¤ï¸\n@acnestudios @viviennewestwood"|"lidiabuble"|1431173|1695634441
"3198293416385526849"|6434|75|"MILAN FASHION WEEK/ PHILOSOPHY/ SS2024"|"lidiabuble"|1431173|1695486431